Theme,Frequency,Best Quote Snippets for Ad Copy,Suggested Headline
Life-changing / Life-saving results,Very High (10+ mentions),'Gave me my life back' / 'Literally saved my life' / 'Changed my life',Get Your Life Back | Spine Surgery
Superior to other surgeons/hospitals,High (5+ mentions),"Patients switching from HSS, NYU Langone, other spine doctors with better outcomes",When Other Surgeons Can't Help
Trust / 'Best of the best',Very High (8+ mentions),"'Trust him with my life' / 'The best, no other way to say it'",Trusted by Thousands of Patients
Compassion & bedside manner,High (7+ mentions),'Very caring' / 'Takes time to listen' / 'Great bedside manner',A Surgeon Who Actually Listens
Thorough communication / explains well,High (6+ mentions),'Explained everything in layman's terms' / 'Read my 5-page history before entering',Know Your Options Before Surgery
Fast recovery / return to activity,High (5+ mentions),'Playing softball again' / 'Back to work in 30 days' / 'Ballet dancer got life back',"Back to Your Life, Faster"
Long-term pain relief,High (5+ mentions),'Pain free 4 years later' / 'After 20 years of pain' / 'After 8 years of pain',End Years of Chronic Pain
Conservative / avoids unnecessary surgery,Medium (3+ mentions),'Conservative approach helped avoid unnecessary surgeries' / 'Not quick to perform unnecessary surgeries',Surgery Only When Necessary
Staff & team excellence,High (6+ mentions),'Juliet and Christine fantastic' / 'Lisa was wonderful' / 'Solid team',World-Class Team Behind You
Continued follow-up care,Medium (4+ mentions),'Office still checks up on me' / 'Constant contact post-op',Care That Continues After Surgery
Complex / difficult cases handled,Medium (4+ mentions),"'My situation is complicated, very complex' / 'Multifaceted approach'",Experts in Complex Spine Cases
Innovative / patents / AI,Medium (3+ mentions),'Creator of many medical devices' / 'So many awards & patents',Innovation Meets Experience
